timestamp,user_id,username,question,cards
2025-07-30 20:58:54,1091937450,nik_Anna_Er,–ö–∞—Ä—Ç–∞ –¥–Ω—è,two_of_swords
2025-07-30 20:59:38,1091937450,nik_Anna_Er,—á—Ç–æ –∏–Ω—Ç–µ—Ä–µ—Å–Ω–æ–≥–æ –º–µ–Ω—è –∂–¥–µ—Ç –≤ –ø–æ–µ–∑–¥–∫–µ –Ω–∞ —Ä–µ—Ç—Ä–∏—Ç?,"ace_of_swords, ten_of_pentacles, page_of_wands"
2025-07-30 21:17:38,1091937450,nik_Anna_Er,—á—Ç–æ –∏–Ω—Ç–µ—Ä–µ—Å–Ω–æ–≥–æ –º–µ–Ω—è –∂–¥–µ—Ç –≤ –ø–æ–µ–∑–¥–∫–µ –Ω–∞ —Ä–µ—Ç—Ä–∏—Ç?,"four_of_swords, the_fool, king_of_wands"
2025-07-30 21:25:42,591111163,Marina_lubaeva,–ö–∞—Ä—Ç–∞ –¥–Ω—è,knight_of_wands
2025-07-30 21:51:48,1091937450,nik_Anna_Er,–ö–∞—Ä—Ç–∞ –¥–Ω—è,four_of_wands
2025-07-31 16:10:34,1091937450,nik_Anna_Er,–ö–∞—Ä—Ç–∞ –¥–Ω—è,four_of_pentacles
2025-07-31 16:10:49,1091937450,nik_Anna_Er,–ö–∞—Ä—Ç–∞ –¥–Ω—è,temperance
2025-07-31 16:11:06,1091937450,nik_Anna_Er,–ö–∞—Ä—Ç–∞ –¥–Ω—è,king_of_pentacles
2025-07-31 16:11:14,1091937450,nik_Anna_Er,–ö–∞—Ä—Ç–∞ –¥–Ω—è,queen_of_pentacles
2025-07-31 16:11:59,1091937450,nik_Anna_Er,–ö–∞—Ä—Ç–∞ –¥–Ω—è,nine_of_swords
2025-07-31 16:21:58,1091937450,nik_Anna_Er,–ö–∞—Ä—Ç–∞ –¥–Ω—è,queen_of_cups
2025-07-31 16:22:28,1091937450,nik_Anna_Er,–∫–∞–∫ –ø—Ä–æ–π–¥–µ—Ç –ø–æ–µ–∑–¥–∫–∞,"king_of_wands, the_high_priestess, seven_of_swords"
2025-07-31 16:35:11,1091937450,nik_Anna_Er,–ö–∞—Ä—Ç–∞ –¥–Ω—è,the_hanged_man
2025-07-31 16:36:38,1091937450,nik_Anna_Er,–ö–∞–∫ –ø—Ä–æ–π–¥–µ—Ç –ø–æ–µ–∑–¥–∫–∞,"the_hanged_man, the_moon, queen_of_wands"
2025-07-31 16:42:25,1091937450,nik_Anna_Er,–ö–∞—Ä—Ç–∞ –¥–Ω—è,the_hierophant
2025-07-31 16:42:50,1091937450,nik_Anna_Er,–ö–∞–∫ –ø—Ä–æ–π–¥–µ—Ç –ø–æ–µ–∑–¥–∫–∞,"eight_of_swords, eight_of_wands, page_of_cups"
2025-07-31 17:20:43,1091937450,nik_Anna_Er,–ö–∞—Ä—Ç–∞ –¥–Ω—è,king_of_cups
2025-07-31 17:21:09,1091937450,nik_Anna_Er,–ö–∞–∫ –ø—Ä–æ–π–¥–µ—Ç –ø–æ–µ–∑–¥–∫–∞,"seven_of_pentacles, the_devil, ace_of_pentacles"
2025-07-31 19:44:37,1091937450,nik_Anna_Er,–ö–∞—Ä—Ç–∞ –¥–Ω—è,eight_of_cups
2025-07-31 23:38:00,1091937450,nik_Anna_Er,–ö–∞—Ä—Ç–∞ –¥–Ω—è,eight_of_pentacles
2025-07-31 23:38:08,1091937450,nik_Anna_Er,–ö–∞—Ä—Ç–∞ –¥–Ω—è,two_of_pentacles
2025-07-31 23:47:02,1091937450,nik_Anna_Er,–ö–∞—Ä—Ç–∞ –¥–Ω—è,four_of_pentacles
2025-07-31 23:50:17,1091937450,nik_Anna_Er,–ú–æ–∏ –ø–µ—Ä—Å–ø–µ–∫—Ç–∏–≤—ã –≤ –∞–≤–≥—É—Å—Ç–µ –ø–æ —Ä–∞–±–æ—Ç–µ,"page_of_cups, three_of_cups, ten_of_swords"
2025-08-01 21:08:37,1091937450,nik_Anna_Er,–ö–∞—Ä—Ç–∞ –¥–Ω—è,judgement
2025-08-01 21:09:19,1091937450,nik_Anna_Er,–ö–∞–∫ –º—É–∂—á–∏–Ω–∞ –±—É–¥–µ—Ç –¥–µ–π—Å—Ç–≤–æ–≤–∞—Ç—å –ø–æ –æ—Ç–Ω–æ—à–µ–Ω–∏—é –∫–æ –º–Ω–µ –≤ –∞–≤–≥—É—Å—Ç–µ,"three_of_wands, three_of_swords, seven_of_cups"
2025-08-01 23:57:50,1091937450,nik_Anna_Er,üí≠ –ß—Ç–æ –æ–Ω/–æ–Ω–∞ –¥—É–º–∞–µ—Ç –æ–±–æ –º–Ω–µ?,"page_of_swords, five_of_swords, the_star"
2025-08-01 23:58:48,1091937450,nik_Anna_Er,üëª –ü–æ—á–µ–º—É –æ–Ω/–æ–Ω–∞ –∏—Å—á–µ–∑?,"death, the_moon, king_of_cups"
2025-08-02 00:02:32,1091937450,nik_Anna_Er,–ö–∞—Ä—Ç–∞ –¥–Ω—è,three_of_pentacles
2025-08-02 00:08:11,1091937450,nik_Anna_Er,–ö–∞—Ä—Ç–∞ –¥–Ω—è,the_hermit
2025-08-02 00:10:00,1091937450,nik_Anna_Er,–ö–∞—Ä—Ç–∞ –¥–Ω—è,page_of_cups
2025-08-20 16:44:13,1091937450,nik_Anna_Er,–ö–∞—Ä—Ç–∞ –¥–Ω—è,three_of_swords
2025-08-20 16:48:52,1091937450,nik_Anna_Er,–ö–∞—Ä—Ç–∞ –¥–Ω—è,ace_of_wands
2025-08-20 16:51:01,1091937450,nik_Anna_Er,üí≠ –ß—Ç–æ –æ–Ω/–æ–Ω–∞ –¥—É–º–∞–µ—Ç –æ–±–æ –º–Ω–µ?,"page_of_wands, king_of_swords, seven_of_swords"
2025-08-20 18:04:19,1091937450,nik_Anna_Er,üí≠ –ß—Ç–æ –æ–Ω/–æ–Ω–∞ –¥—É–º–∞–µ—Ç –æ–±–æ –º–Ω–µ?,"ace_of_cups, page_of_swords, three_of_pentacles"
2025-08-20 18:07:28,1091937450,nik_Anna_Er,–ö–∞—Ä—Ç–∞ –¥–Ω—è,the_moon
2025-08-20 18:18:20,1091937450,nik_Anna_Er,‚öñÔ∏è –ö–∞—Ä–º–∏—á–µ—Å–∫–∏–µ –∑–∞–¥–∞—á–∏,"five_of_cups, two_of_pentacles, the_moon"
2025-08-20 18:39:59,1091937450,nik_Anna_Er,–ö–∞—Ä—Ç–∞ –¥–Ω—è,four_of_wands
2025-08-20 18:44:48,1091937450,nik_Anna_Er,–ö–∞—Ä—Ç–∞ –¥–Ω—è,four_of_wands
2025-08-20 19:13:52,1091937450,nik_Anna_Er,–ö–∞—Ä—Ç–∞ –¥–Ω—è,eight_of_wands
2025-08-20 19:14:01,1091937450,nik_Anna_Er,–ö–∞—Ä—Ç–∞ –¥–Ω—è,knight_of_wands
2025-08-21 19:39:52,1091937450,nik_Anna_Er,–ö–∞—Ä—Ç–∞ –¥–Ω—è,the_high_priestess
2025-08-21 19:41:14,1091937450,nik_Anna_Er,–∫–∞–∫ –±—É–¥—É—Ç —Ä–∞–∑–≤–∏–≤–∞—Ç—å—Å—è –æ—Ç–Ω–æ—à–µ–Ω–∏—è –º–µ–∂–¥—É –Ω–∞–º–∏ –±–ª–∏–∂–∞–π—à–∏–µ 7 –¥–Ω–µ–π,"strength, six_of_pentacles, the_magician"
2025-08-21 19:45:06,1091937450,nik_Anna_Er,‚ùì –°—Ç–æ–∏—Ç –ª–∏ –ø—Ä–æ–¥–æ–ª–∂–∞—Ç—å –æ—Ç–Ω–æ—à–µ–Ω–∏—è?,"the_emperor, three_of_pentacles, two_of_cups"
2025-08-21 19:52:48,1091937450,nik_Anna_Er,–∫–∞–∫ –±—É–¥—É—Ç —Ä–∞–∑–≤–∏–≤–∞—Ç—å—Å—è –æ—Ç–Ω–æ—à–µ–Ω–∏—è –º–µ–∂–¥—É –º–Ω–æ–π –∏ –∞–ª–µ–∫—Å–µ–µ–º –≤ —Ç–µ—á–µ–Ω–∏–µ 7 —Å–ª–µ–¥—É—é—â–∏—Ö –¥–Ω–µ–π,"three_of_swords, seven_of_cups, page_of_pentacles"
2025-08-21 19:55:49,1091937450,nik_Anna_Er,–∫–∞–∫ –±—É–¥—É—Ç —Ä–∞–∑–≤–∏–≤–∞—Ç—å—Å—è –æ—Ç–Ω–æ—à–µ–Ω–∏—è –º–µ–∂–¥—É –º–Ω–æ–π –∏ –∞–ª–µ–∫—Å–µ–µ–º –≤ —Ç–µ—á–µ–Ω–∏–µ 7 —Å–ª–µ–¥—É—é—â–∏—Ö –¥–Ω–µ–π,"nine_of_wands, judgement, the_fool"
2025-08-21 20:00:13,1091937450,nik_Anna_Er,üí≠ –ß—Ç–æ –æ–Ω/–æ–Ω–∞ –¥—É–º–∞–µ—Ç –æ–±–æ –º–Ω–µ?,"ten_of_swords, three_of_swords, king_of_wands"
2025-08-21 20:01:21,1091937450,nik_Anna_Er,–∫–∞–∫ –±—É–¥—É—Ç —Ä–∞–∑–≤–∏–≤–∞—Ç—å—Å—è –æ—Ç–Ω–æ—à–µ–Ω–∏—è –º–µ–∂–¥—É –º–Ω–æ–π –∏ –∞–ª–µ–∫—Å–µ–µ–º –≤ —Ç–µ—á–µ–Ω–∏–µ 7 —Å–ª–µ–¥—É—é—â–∏—Ö –¥–Ω–µ–π,"the_lovers, justice, the_empress"
2025-08-21 20:05:01,1091937450,nik_Anna_Er,üéØ –í—ã–±–æ—Ä –ø—Ä–æ—Ñ–µ—Å—Å–∏–∏,"the_magician, four_of_pentacles, two_of_swords"
2025-08-21 20:12:32,1091937450,nik_Anna_Er,üßò –î—É—Ö–æ–≤–Ω–æ–µ —Ä–∞–∑–≤–∏—Ç–∏–µ,"the_emperor, the_sun, five_of_cups"
2025-08-21 20:13:29,1091937450,nik_Anna_Er,üåü –¢–∞–ª–∞–Ω—Ç—ã –∏ —Å–ø–æ—Å–æ–±–Ω–æ—Å—Ç–∏,"king_of_pentacles, six_of_wands, king_of_swords"
2025-08-21 20:14:29,1091937450,nik_Anna_Er,–ß—Ç–æ —Å–µ–π—á–∞—Å –º–µ—à–∞–µ—Ç –ê–ª–µ–∫—Å–µ—é –ø—Ä–æ—è–≤–∏—Ç—å—Å—è –≤ –º–æ–π –∞–¥—Ä–µ—Å,"knight_of_cups, four_of_wands, nine_of_pentacles"
2025-08-21 20:20:55,1091937450,nik_Anna_Er,ü§ù –û—Ç–Ω–æ—à–µ–Ω–∏—è —Å –∫–æ–ª–ª–µ–≥–∞–º–∏,"king_of_cups, the_hermit, knight_of_pentacles"
2025-08-21 20:22:31,1091937450,nik_Anna_Er,üíî –ö–∞–∫ –ø–µ—Ä–µ–∂–∏—Ç—å —Ä–∞—Å—Å—Ç–∞–≤–∞–Ω–∏–µ,"knight_of_pentacles, page_of_wands, temperance"
2025-08-22 14:50:33,1634223715,,–ö–∞—Ä—Ç–∞ –¥–Ω—è,four_of_swords
2025-08-22 19:46:41,1091937450,nik_Anna_Er,üí≠ –ß—Ç–æ –æ–Ω/–æ–Ω–∞ –¥—É–º–∞–µ—Ç –æ–±–æ –º–Ω–µ?,"knight_of_pentacles, queen_of_pentacles, justice"
2025-08-22 19:47:46,1091937450,nik_Anna_Er,–∏—Å—Ç–∏–Ω–Ω—ã–µ –Ω–∞–º–µ—Ä–µ–Ω—å—è –∞–ª–µ–∫—Å–µ—è –∫ –∞–Ω–Ω–µ,"the_chariot, two_of_cups, eight_of_wands"
2025-08-22 19:52:29,1091937450,nik_Anna_Er,–∫–∞–∫ –ø—Ä–æ–π–¥—É—Ç –≤—ã—Ö–æ–¥–Ω—ã–µ,"the_emperor, the_lovers, the_world"
2025-08-22 22:59:08,1091937450,nik_Anna_Er,–ö–∞—Ä—Ç–∞ –¥–Ω—è,seven_of_swords
2025-08-22 23:00:36,1091937450,nik_Anna_Er,–ò–∑–º–µ–Ω–∏—Ç—Å—è  –ª–∏ –ø–æ–≤–µ–¥–µ–Ω–∏–µ –ê–ª–µ–∫—Å–µ—è –æ—Ç–Ω–æ—Å–∏—Ç–µ–ª—å–Ω–æ –º–µ–Ω—è ?,"ten_of_wands, two_of_swords, eight_of_pentacles"
2025-08-23 20:58:40,6114737009,Goodlok5,–ö–∞—Ä—Ç–∞ –¥–Ω—è,eight_of_pentacles
2025-08-23 20:58:50,6114737009,Goodlok5,–ö–∞—Ä—Ç–∞ –¥–Ω—è,page_of_swords
2025-08-23 20:58:58,6114737009,Goodlok5,–ö–∞—Ä—Ç–∞ –¥–Ω—è,five_of_swords
2025-08-23 21:01:00,6114737009,Goodlok5,–∫–∞–∫ –ø—Ä–æ–π–¥–µ—Ç –≤—Å—Ç—Ä–µ—á–∞?,"the_hierophant, the_emperor, the_chariot"
2025-08-23 21:02:03,6114737009,Goodlok5,ü™û –ó–µ—Ä–∫–∞–ª–æ –æ—Ç–Ω–æ—à–µ–Ω–∏–π,"six_of_pentacles, king_of_cups, the_hierophant"
2025-08-23 21:03:02,6114737009,Goodlok5,üìà –ö–∞—Ä—å–µ—Ä–Ω—ã–π —Ä–æ—Å—Ç,"nine_of_wands, nine_of_cups, king_of_cups"
2025-08-23 21:03:39,6114737009,Goodlok5,üßò –î—É—Ö–æ–≤–Ω–æ–µ —Ä–∞–∑–≤–∏—Ç–∏–µ,"ten_of_wands, queen_of_pentacles, two_of_cups"
2025-08-23 21:04:08,6114737009,Goodlok5,üí∞ –§–∏–Ω–∞–Ω—Å–æ–≤–æ–µ –±–ª–∞–≥–æ–ø–æ–ª—É—á–∏–µ,"six_of_wands, strength, the_chariot"
2025-08-23 21:07:55,6114737009,Goodlok5,‚öñÔ∏è –ö–∞—Ä–º–∏—á–µ—Å–∫–∏–µ –∑–∞–¥–∞—á–∏,"five_of_wands, nine_of_wands, two_of_cups"
2025-08-23 21:08:26,6114737009,Goodlok5,üåü –¢–∞–ª–∞–Ω—Ç—ã –∏ —Å–ø–æ—Å–æ–±–Ω–æ—Å—Ç–∏,"ten_of_wands, the_world, king_of_pentacles"
2025-08-23 21:13:09,6114737009,Goodlok5,–º–æ–≥—É—Ç –ª–∏ –≤–∑–æ—Ä–≤–∞—Ç—å—Å—è —Å–µ—Ä–≤–µ—Ä–∞ —Ä–æ–±–ª–æ–∫—Å,"page_of_wands, knight_of_wands, three_of_wands"
2025-08-26 13:37:04,6114737009,Goodlok5,‚ùì –°—Ç–æ–∏—Ç –ª–∏ –ø—Ä–æ–¥–æ–ª–∂–∞—Ç—å –æ—Ç–Ω–æ—à–µ–Ω–∏—è?,"eight_of_cups, three_of_cups, the_devil"
2025-08-26 13:46:21,1091937450,nik_Anna_Er,–ö–∞—Ä—Ç–∞ –¥–Ω—è,king_of_pentacles
2025-08-26 13:47:55,1091937450,nik_Anna_Er,–ö–∞—Ä—Ç–∞ –¥–Ω—è,knight_of_swords
2025-08-26 13:48:11,1091937450,nik_Anna_Er,–ö–∞—Ä—Ç–∞ –¥–Ω—è,the_lovers
2025-08-26 13:49:19,1091937450,nik_Anna_Er,–∫–∞–∫ –ê–ª –±—É–¥–µ—Ç —Å–µ–±—è –≤–µ—Å—Ç–∏ –ø–æ –æ—Ç–Ω–æ—à–µ–Ω–∏—é –∫–æ –º–Ω–µ –≤ –±–ª–∏–∂–∞–π—à–∏–π –º–µ—Å—è—Ü,"king_of_cups, five_of_swords, king_of_swords"
2025-08-26 15:00:36,1091937450,nik_Anna_Er,–ö–∞—Ä—Ç–∞ –¥–Ω—è,knight_of_pentacles
2025-08-26 15:01:25,1091937450,nik_Anna_Er,–ö–∞—Ä—Ç–∞ –¥–Ω—è,page_of_wands
